{"cameraMode":{"drawMode":0,"name":"Shaded","section":"Shading Mode"},"sceneLighting":true,"audioPlay":false,"sceneViewState":{"showFog":true,"showMaterialUpdate":false,"showSkybox":true,"showFlares":true,"showImageEffects":true,"showParticleSystems":true},"in2DMode":false,"pivot":{"x":-63.6871223449707,"y":-23.283973693847658,"z":-12.927693367004395},"rotation":{"x":0.03391505405306816,"y":-0.9613057971000671,"z":0.13822707533836366,"w":0.23586900532245637},"size":8.317246437072754,"orthographic":false}