{"cameraMode":{"drawMode":0,"name":"Shaded","section":"Shading Mode"},"sceneLighting":false,"audioPlay":false,"sceneViewState":{"showFog":true,"showMaterialUpdate":false,"showSkybox":true,"showFlares":true,"showImageEffects":true,"showParticleSystems":true},"in2DMode":false,"pivot":{"x":-2.0790517330169679,"y":0.45438289642333987,"z":-0.47851455211639407},"rotation":{"x":-0.07920054346323013,"y":0.759286105632782,"z":-0.0941053107380867,"w":-0.63902747631073},"size":5.774259090423584,"orthographic":false}