{"cameraMode":{"drawMode":0,"name":"Shaded","section":"Shading Mode"},"sceneLighting":true,"audioPlay":false,"sceneViewState":{"showFog":true,"showMaterialUpdate":false,"showSkybox":true,"showFlares":true,"showImageEffects":true,"showParticleSystems":true},"in2DMode":false,"pivot":{"x":-8.660604476928711,"y":0.3732333183288574,"z":-9.846165657043457},"rotation":{"x":-0.06900894641876221,"y":0.9153550863265991,"z":-0.17824721336364747,"w":-0.3543878197669983},"size":30.850690841674806,"orthographic":false}